level,category,player,time
rw6n84rd,w2019gjk,j4r49gw8,31.815
rw6n84rd,w2019gjk,xylz5rzj,25.735
xd434j29,w2019gjk,v8ldrplj,37.198
xd434j29,w2019gjk,v8ldrplj,36.941
xd434j29,w2019gjk,v8ldrplj,37.069
xd434j29,w2019gjk,v8ldrplj,36.944
xd434j29,w2019gjk,8r7mg23j,36.876
xd434j29,w2019gjk,v8ldrplj,36.384
xd434j29,w2019gjk,v8ldrplj,36.808
xd434j29,w2019gjk,v8ldrplj,36.719
xd434j29,w2019gjk,v8ldrplj,36.636
xd434j29,w2019gjk,v8ldrplj,36.603
rw6n84rd,w2019gjk,v8ldrplj,25.793
xd434j29,w2019gjk,v8ldrplj,36.5
xd4px00d,w2019gjk,v8ldrplj,32.302
xd4px00d,w2019gjk,v8ldrplj,28.479
xd4px00d,w2019gjk,8gevd9rj,28.47
xd4px00d,w2019gjk,v8ldrplj,28.447
xd4px00d,w2019gjk,jn3k3rdx,28.42
29vk433d,w2019gjk,y8dzzloj,19.932
29vk433d,w2019gjk,98rokn38,19.604
29vk433d,w2019gjk,y8dzzloj,19.271
29vk433d,w2019gjk,v8ldrplj,18.417
rw6n84rd,w2019gjk,v8ldrplj,25.591
29vk433d,w2019gjk,v8ldrplj,17.781
29vk433d,w2019gjk,j5wdz46j,18.061
29vk433d,w2019gjk,v8ldrplj,17.712
29vk433d,w2019gjk,j5wdz46j,17.281
29vk433d,w2019gjk,v8ldrplj,16.806
29vk433d,w2019gjk,jn3k3rdx,16.567
29vk433d,w2019gjk,v8ldrplj,16.551
29vk433d,w2019gjk,v8ldrplj,16.267
nwl7ql09,w2019gjk,Lew,38.256
nwl7ql09,w2019gjk,Lew,37.898
rw6n84rd,w2019gjk,xylz5rzj,25.566
nwl7ql09,w2019gjk,Lew,38.028
nwl7ql09,w2019gjk,v8ldrplj,37.624
nwl7ql09,w2019gjk,jpmvno4j,37.174
nwl7ql09,w2019gjk,v8ldrplj,36.451
rw623qnd,w2019gjk,v8ldrplj,35.944
rw623qnd,w2019gjk,v8ldrplj,33.165
rw623qnd,w2019gjk,v8ldrplj,32.791
rw623qnd,w2019gjk,8gevd9rj,32.545
rw623qnd,w2019gjk,j42qpg5x,31.217
rw623qnd,w2019gjk,jn3k3rdx,30.797
29vg2m19,w2019gjk,y8dzzloj,20.008
rw623qnd,w2019gjk,xk4m2g9j,30.099
rw623qnd,w2019gjk,v8ldrplj,29.693
rw623qnd,w2019gjk,xk4m2g9j,29.579
rw623qnd,w2019gjk,v8ldrplj,29.565
rw6n84rd,wdm4pxed,v8ldrplj,24.661
rw6n84rd,wdm4pxed,v8ldrplj,28.223
rw6n84rd,wdm4pxed,v8ldrplj,25.163
rw6n84rd,wdm4pxed,v8ldrplj,24.975
rw6n84rd,wdm4pxed,v8ldrplj,24.966
rw6n84rd,wdm4pxed,v8ldrplj,24.832
29vg2m19,w2019gjk,v8ldrplj,18.336
rw6n84rd,wdm4pxed,v8ldrplj,24.793
rw6n84rd,wdm4pxed,v8ldrplj,24.515
rw6n84rd,wdm4pxed,v8ldrplj,24.464
29vg2m19,wdm4pxed,j5wdz46j,19.474
29vg2m19,wdm4pxed,v8ldrplj,17.628
29vg2m19,wdm4pxed,v8ldrplj,17.143
29vg2m19,wdm4pxed,jn3k3rdx,16.996
29vg2m19,wdm4pxed,jn3k3rdx,14.209
29vg2m19,wdm4pxed,v8ldrplj,13.415
n93gv7nd,wdm4pxed,v8ldrplj,27.882
29vg2m19,w2019gjk,v8ldrplj,17.777
n93gv7nd,wdm4pxed,j5wdz46j,27.102
n93gv7nd,wdm4pxed,v8ldrplj,25.515
n93gv7nd,wdm4pxed,j5wdz46j,25.353
n93gv7nd,wdm4pxed,v8ldrplj,24.958
n93gv7nd,wdm4pxed,v8ldrplj,23.944
n93gv7nd,wdm4pxed,8gevd9rj,23.927
n93gv7nd,wdm4pxed,jn3k3rdx,23.882
n93gv7nd,wdm4pxed,v8ldrplj,23.784
n93gv7nd,wdm4pxed,v8ldrplj,23.745
n93gv7nd,wdm4pxed,jn3k3rdx,23.491
29vg2m19,w2019gjk,jn3k3rdx,17.775
gdrqme69,wdm4pxed,v8ldrplj,29.682
gdrqme69,wdm4pxed,j5wdz46j,26.793
gdrqme69,wdm4pxed,v8ldrplj,26.501
gdrqme69,wdm4pxed,j5wdz46j,25.46
gdrqme69,wdm4pxed,v8ldrplj,25.361
gdrqme69,wdm4pxed,v8ldrplj,25.285
gdrqme69,wdm4pxed,j5wdz46j,25.305
gdrqme69,wdm4pxed,j5wdz46j,25.131
gdrqme69,wdm4pxed,v8ldrplj,24.685
gdrqme69,wdm4pxed,v8ldrplj,23.605
29vg2m19,w2019gjk,v8ldrplj,17.454
gdrqme69,wdm4pxed,jn3k3rdx,23.589
gdrqme69,wdm4pxed,v8ldrplj,23.504
z988y6g9,wdm4pxed,j5wdz46j,40.134
z988y6g9,wdm4pxed,v8ldrplj,38.346
z988y6g9,wdm4pxed,v8ldrplj,37.711
z988y6g9,wdm4pxed,v8ldrplj,37.276
z988y6g9,wdm4pxed,jn3k3rdx,37.133
z988y6g9,wdm4pxed,v8ldrplj,36.908
z988y6g9,wdm4pxed,v8ldrplj,36.617
z988y6g9,wdm4pxed,jn3k3rdx,36.482
29vg2m19,w2019gjk,v8ldrplj,17.174
rdnp60q9,wdm4pxed,j42qpg5x,30.214
rdnp60q9,wdm4pxed,8gro9rpx,28.221
rdnp60q9,wdm4pxed,j0vn9k9x,28.141
rdnp60q9,wdm4pxed,v8ldrplj,27.789
rdnp60q9,wdm4pxed,j0vn9k9x,28.117
rdnp60q9,wdm4pxed,v8ldrplj,27.743
rdnp60q9,wdm4pxed,8gro9rpx,27.26
rdnp60q9,wdm4pxed,jngo4ow8,26.794
xd0pxk0w,wdm4pxed,v8ldrplj,14.477
xd0pxk0w,wdm4pxed,j5wdz46j,14.046
xd0pxk0w,wdm4pxed,v8ldrplj,13.99
rw6n84rd,w2019gjk,v8ldrplj,26.138
29vg2m19,w2019gjk,v8ldrplj,16.947
xd0pxk0w,wdm4pxed,v8ldrplj,13.248
xd0pxk0w,wdm4pxed,8gro9rpx,13.241
xd0pxk0w,wdm4pxed,v8ldrplj,13.164
xd07mgxw,wdm4pxed,j5wdz46j,21.851
xd07mgxw,wdm4pxed,v8ldrplj,21.745
xd07mgxw,wdm4pxed,8gevd9rj,20.849
xd07mgxw,wdm4pxed,v8ldrplj,20.821
xd07mgxw,wdm4pxed,v8ldrplj,20.792
xd07mgxw,wdm4pxed,jn3k3rdx,20.462
ldypnykd,wdm4pxed,j5wdz46j,52.871
29vg2m19,w2019gjk,jn3k3rdx,16.872
ldypnykd,wdm4pxed,v8ldrplj,52.105
ldypnykd,wdm4pxed,j5wdz46j,49.796
ldypnykd,wdm4pxed,v8ldrplj,49.301
ldypnykd,wdm4pxed,j5wdz46j,49.101
ldypnykd,wdm4pxed,v8ldrplj,48.578
ldypnykd,wdm4pxed,xz0o1d48,48.389
n93kolew,wdm4pxed,v8ldrplj,45.81
xd434j29,wdm4pxed,j5wdz46j,36.568
xd434j29,wdm4pxed,v8ldrplj,35.882
xd434j29,wdm4pxed,j5wdz46j,35.855
n93gv7nd,w2019gjk,y8dzzloj,29.524
xd434j29,wdm4pxed,v8ldrplj,35.437
xd434j29,wdm4pxed,v8ldrplj,35.228
xd434j29,wdm4pxed,v8ldrplj,34.84
xd434j29,wdm4pxed,v8ldrplj,34.986
xd4px00d,wdm4pxed,v8ldrplj,30.689
xd4px00d,wdm4pxed,v8ldrplj,28.334
xd4px00d,wdm4pxed,8gevd9rj,27.479
xd4px00d,wdm4pxed,jn3k3rdx,27.288
xd4px00d,wdm4pxed,v8ldrplj,27.271
xd4px00d,wdm4pxed,jn3k3rdx,27.266
n93gv7nd,w2019gjk,v8ldrplj,29.286
29vk433d,wdm4pxed,v8ldrplj,17.614
29vk433d,wdm4pxed,j5wdz46j,17.265
29vk433d,wdm4pxed,v8ldrplj,16.991
29vk433d,wdm4pxed,j5wdz46j,16.859
29vk433d,wdm4pxed,v8ldrplj,16.856
29vk433d,wdm4pxed,v8ldrplj,16.613
29vk433d,wdm4pxed,j5wdz46j,16.578
29vk433d,wdm4pxed,v8ldrplj,16.479
29vk433d,wdm4pxed,v8ldrplj,16.05
29vk433d,wdm4pxed,jn3k3rdx,15.866
n93gv7nd,w2019gjk,j5wdz46j,27.59
29vk433d,wdm4pxed,v8ldrplj,15.83
29vk433d,wdm4pxed,v8ldrplj,15.467
29vk433d,wdm4pxed,v8ldrplj,15.248
nwl7ql09,wdm4pxed,v8ldrplj,36.851
nwl7ql09,wdm4pxed,v8ldrplj,44.154
nwl7ql09,wdm4pxed,jpmvno4j,36.556
nwl7ql09,wdm4pxed,v8ldrplj,35.612
rw623qnd,wdm4pxed,v8ldrplj,32.761
rw623qnd,wdm4pxed,v8ldrplj,31.14
rw623qnd,wdm4pxed,v8ldrplj,30.702
n93gv7nd,w2019gjk,8rpqdd6j,26.78
rw623qnd,wdm4pxed,8gevd9rj,30.531
rw623qnd,wdm4pxed,j42qpg5x,30.013
rw623qnd,wdm4pxed,jn3k3rdx,28.774
rw623qnd,wdm4pxed,xk4m2g9j,28.564
rw623qnd,wdm4pxed,v8ldrplj,27.994
rw6n84rd,vdoqe16k,v8ldrplj,23.754
rw6n84rd,vdoqe16k,v8ldrplj,28.566
rw6n84rd,vdoqe16k,v8ldrplj,24.289
rw6n84rd,vdoqe16k,v8ldrplj,24.238
rw6n84rd,vdoqe16k,v8ldrplj,24.094
n93gv7nd,w2019gjk,v8ldrplj,27.342
rw6n84rd,vdoqe16k,v8ldrplj,24.044
rw6n84rd,vdoqe16k,v8ldrplj,23.843
rw6n84rd,vdoqe16k,v8ldrplj,22.936
rw6n84rd,vdoqe16k,j40ev1w8,22.862
rw6n84rd,vdoqe16k,jngo4ow8,22.861
29vg2m19,vdoqe16k,dx3zvnej,16.043
29vg2m19,vdoqe16k,v8ldrplj,15.985
29vg2m19,vdoqe16k,v8ldrplj,11.318
29vg2m19,vdoqe16k,v8ldrplj,10.68
29vg2m19,vdoqe16k,v8ldrplj,10.432
n93gv7nd,vdoqe16k,68w4d44x,22.517
n93gv7nd,w2019gjk,v8ldrplj,26.521
n93gv7nd,vdoqe16k,v8ldrplj,22.445
n93gv7nd,vdoqe16k,8gevd9rj,22.371
n93gv7nd,vdoqe16k,jn3k3rdx,22.333
n93gv7nd,vdoqe16k,v8ldrplj,22.003
n93gv7nd,vdoqe16k,jn3k3rdx,21.499
n93gv7nd,vdoqe16k,j40ev1w8,21.399
gdrqme69,vdoqe16k,j5wdz46j,25.089
gdrqme69,vdoqe16k,v8ldrplj,24.965
gdrqme69,vdoqe16k,j5wdz46j,24.761
gdrqme69,vdoqe16k,v8ldrplj,24.581
n93gv7nd,w2019gjk,j5wdz46j,26.498
gdrqme69,vdoqe16k,v8ldrplj,22.547
gdrqme69,vdoqe16k,v8ldrplj,22.18
z988y6g9,vdoqe16k,j5wdz46j,37.801
z988y6g9,vdoqe16k,v8ldrplj,37.053
z988y6g9,vdoqe16k,v8ldrplj,36.42
z988y6g9,vdoqe16k,v8ldrplj,34.847
z988y6g9,vdoqe16k,v8ldrplj,34.812
z988y6g9,vdoqe16k,j40ev1w8,32.642
rdnp60q9,vdoqe16k,j4r49gw8,32.158
rdnp60q9,vdoqe16k,8gro9rpx,26.711
n93gv7nd,w2019gjk,v8ldrplj,26.174
rdnp60q9,vdoqe16k,v8ldrplj,26.697
rdnp60q9,vdoqe16k,v8ldrplj,26.228
rdnp60q9,vdoqe16k,8gro9rpx,26
rdnp60q9,vdoqe16k,j40ev1w8,24.997
rdnp60q9,vdoqe16k,jngo4ow8,24.979
xd0pxk0w,vdoqe16k,j2yw93o8,12.964
xd0pxk0w,vdoqe16k,v8ldrplj,12.906
xd0pxk0w,vdoqe16k,8gro9rpx,12.896
xd0pxk0w,vdoqe16k,v8ldrplj,12.571
xd0pxk0w,vdoqe16k,v8ldrplj,12.399
xd0pxk0w,vdoqe16k,v8ldrplj,12.524
rw6n84rd,w2019gjk,v8ldrplj,30.743
n93gv7nd,w2019gjk,jn3k3rdx,25.892
xd07mgxw,vdoqe16k,kjpmn4jq,22.629
xd07mgxw,vdoqe16k,y8dzzloj,20.148
xd07mgxw,vdoqe16k,y8dzzloj,19.63
xd07mgxw,vdoqe16k,v8ldrplj,18.948
xd07mgxw,vdoqe16k,v8ldrplj,18.824
xd07mgxw,vdoqe16k,v8ldrplj,18.775
xd07mgxw,vdoqe16k,j40ev1w8,18.526
xd07mgxw,vdoqe16k,jn3k3rdx,18.51
xd07mgxw,vdoqe16k,j40ev1w8,18.089
ldypnykd,vdoqe16k,j5wdz46j,46.407
n93gv7nd,w2019gjk,j42qpg5x,26.092
ldypnykd,vdoqe16k,v8ldrplj,46.257
ldypnykd,vdoqe16k,j5wdz46j,45.31
ldypnykd,vdoqe16k,8l4p7q7j,44.736
ldypnykd,vdoqe16k,v8ldrplj,43.916
n93kolew,vdoqe16k,v8ldrplj,40.663
n93kolew,vdoqe16k,v8ldrplj,41.049
xd434j29,vdoqe16k,v8ldrplj,35.415
xd434j29,vdoqe16k,v8ldrplj,34.738
xd434j29,vdoqe16k,j5wdz46j,34.077
xd434j29,vdoqe16k,v8ldrplj,34.042
n93gv7nd,w2019gjk,j42qpg5x,25.876
xd434j29,vdoqe16k,8r7zv4gj,33.598
xd434j29,vdoqe16k,x72kyq08,33.697
xd434j29,vdoqe16k,v8ldrplj,32.947
xd434j29,vdoqe16k,v8ldrplj,32.734
xd434j29,vdoqe16k,j40ev1w8,32.533
xd434j29,vdoqe16k,j40ev1w8,32.242
xd4px00d,vdoqe16k,v8ldrplj,26.926
xd4px00d,vdoqe16k,v8ldrplj,25.859
xd4px00d,vdoqe16k,8gevd9rj,25.814
xd4px00d,vdoqe16k,jn3k3rdx,25.789
n93gv7nd,w2019gjk,v8ldrplj,25.761
xd4px00d,vdoqe16k,v8ldrplj,25.767
xd4px00d,vdoqe16k,jn3k3rdx,25.747
29vk433d,vdoqe16k,y8dzzloj,17.261
29vk433d,vdoqe16k,v8ldrplj,16.574
29vk433d,vdoqe16k,j5wdz46j,16.363
29vk433d,vdoqe16k,v8ldrplj,15.883
29vk433d,vdoqe16k,j5wdz46j,15.818
29vk433d,vdoqe16k,v8ldrplj,15.014
29vk433d,vdoqe16k,v8ldrplj,14.746
29vk433d,vdoqe16k,jn3k3rdx,14.569
n93gv7nd,w2019gjk,v8ldrplj,25.751
29vk433d,vdoqe16k,v8ldrplj,14.32
29vk433d,vdoqe16k,v8ldrplj,14.152
29vk433d,vdoqe16k,j40ev1w8,14.069
29vk433d,vdoqe16k,v8ldrplj,13.961
nwl7ql09,vdoqe16k,v8ldrplj,34.325
nwl7ql09,vdoqe16k,v8ldrplj,39.835
nwl7ql09,vdoqe16k,v8ldrplj,38.68
nwl7ql09,vdoqe16k,v8ldrplj,36.571
nwl7ql09,vdoqe16k,v8ldrplj,34.464
nwl7ql09,vdoqe16k,v8ldrplj,33.366
gdrqme69,w2019gjk,v8ldrplj,30.638
nwl7ql09,vdoqe16k,j40ev1w8,32.472
rw623qnd,vdoqe16k,v8ldrplj,30.418
rw623qnd,vdoqe16k,j5wdz46j,30.325
rw623qnd,vdoqe16k,v8ldrplj,29.165
rw623qnd,vdoqe16k,xk4m2g9j,27.866
rw623qnd,vdoqe16k,jn3k3rdx,27.698
rw623qnd,vdoqe16k,xk4m2g9j,27.249
rw623qnd,vdoqe16k,jn3k3rdx,26.941
rw623qnd,vdoqe16k,xk4m2g9j,26.581
rw623qnd,vdoqe16k,v8ldrplj,26.515
gdrqme69,w2019gjk,j5wdz46j,27.966
rdn3nonw,vdoqe16k,xk4m2g9j,146.491
rdn3nonw,vdoqe16k,jn3k3rdx,149.812
rdn3nonw,vdoqe16k,j5wdz46j,156.267
rdn3nonw,vdoqe16k,v8ldrplj,158.552
5wkegexw,vdoqe16k,jngo4ow8,177.65
5wkegexw,vdoqe16k,j40ev1w8,196.787
5wkegexw,vdoqe16k,j5wdz46j,202.027
69z6m64d,vdoqe16k,v8ldrplj,81.766
r9gnkn2d,vdoqe16k,v8ldrplj,170.661
ewpoko4d,vdoqe16k,jmz4lynx,229.112
gdrqme69,w2019gjk,v8ldrplj,27.964
ewpoko4d,vdoqe16k,jmz4lynx,231.789
ewpoko4d,vdoqe16k,xz0o1d48,234.728
ewpoko4d,vdoqe16k,xz0o1d48,236.744
ewpoko4d,vdoqe16k,j5wdz46j,242.785
ewpoko4d,vdoqe16k,v8ldrplj,246.732
495zvz49,vdoqe16k,v8ldrplj,104.945
495zvz49,vdoqe16k,j40ev1w8,108.214
495zvz49,vdoqe16k,8gro9rpx,110.788
495zvz49,vdoqe16k,j5wdz46j,110.987
495zvz49,vdoqe16k,v8ldrplj,170.661
gdrqme69,w2019gjk,j5wdz46j,25.968
z98pnr7w,vdoqe16k,v8ldrplj,65.732
z98pnr7w,vdoqe16k,v8ldrplj,65.748
z98pnr7w,vdoqe16k,v8ldrplj,66.548
z98pnr7w,vdoqe16k,v8ldrplj,66.814
z98pnr7w,vdoqe16k,8gro9rpx,67.877
z98pnr7w,vdoqe16k,v8ldrplj,70.389
z98pnr7w,vdoqe16k,j42qpg5x,75.578
z98pnr7w,vdoqe16k,j5wdz46j,75.707
z98pnr7w,vdoqe16k,j42qpg5x,77.374
xd1yvyyd,vdoqe16k,v8ldrplj,137.017
gdrqme69,w2019gjk,v8ldrplj,25.683
xd1yvyyd,vdoqe16k,8gro9rpx,137.213
xd1yvyyd,vdoqe16k,j40ev1w8,138.3
xd1yvyyd,vdoqe16k,8gro9rpx,140.819
xd1yvyyd,vdoqe16k,j42qpg5x,155.686
kwj6o61d,vdoqe16k,v8ldrplj,182.911
y9mgkg09,vdoqe16k,j5wdz46j,127.14
y9mgkg09,vdoqe16k,v8ldrplj,129.183
5d7x6xe9,vdoqe16k,xz0o1d48,122.983
5d7x6xe9,vdoqe16k,v8ldrplj,123.686
5d7x6xe9,vdoqe16k,j5wdz46j,130.264
rw6n84rd,w2019gjk,v8ldrplj,26.935
gdrqme69,w2019gjk,j5wdz46j,25.461
5d7x6xe9,vdoqe16k,j42qpg5x,134.263
n93koq7w,vdoqe16k,v8ldrplj,77.372
n93koq7w,vdoqe16k,v8ldrplj,78.602
n93koq7w,vdoqe16k,jn3k3rdx,80.447
n93koq7w,vdoqe16k,v8ldrplj,81.938
n93koq7w,vdoqe16k,v8ldrplj,83.351
n93koq7w,vdoqe16k,j5wdz46j,103.7
rdqo6ogw,vdoqe16k,j40ev1w8,120.57
rdqo6ogw,vdoqe16k,v8ldrplj,120.008
rdqo6ogw,vdoqe16k,v8ldrplj,122.726
rdn3nonw,wdm4pxed,xk4m2g9j,152.693
gdrqme69,w2019gjk,v8ldrplj,25.364
rdn3nonw,wdm4pxed,jn3k3rdx,158.28
rdn3nonw,wdm4pxed,j42qpg5x,159.291
rdn3nonw,wdm4pxed,v8ldrplj,168.079
5wkegexw,wdm4pxed,jngo4ow8,187.513
5wkegexw,wdm4pxed,j5wdz46j,208.293
69z6m64d,wdm4pxed,v8ldrplj,85.823
69z6m64d,wdm4pxed,j0vn9k9x,87.199
69z6m64d,wdm4pxed,v8ldrplj,89.003
69z6m64d,wdm4pxed,jn3k3rdx,89.308
69z6m64d,wdm4pxed,j5wdz46j,90.477
gdrqme69,w2019gjk,j5wdz46j,25.162
69z6m64d,wdm4pxed,v8ldrplj,91.28
r9gnkn2d,wdm4pxed,v8ldrplj,181.622
r9gnkn2d,wdm4pxed,x72e5068,185.938
r9gnkn2d,wdm4pxed,v8ldrplj,186.191
ewpoko4d,wdm4pxed,v8ldrplj,244.047
ewpoko4d,wdm4pxed,jmz4lynx,247.816
ewpoko4d,wdm4pxed,jmz4lynx,248.195
ewpoko4d,wdm4pxed,xz0o1d48,249.816
ewpoko4d,wdm4pxed,jmz4lynx,249.889
ewpoko4d,wdm4pxed,xz0o1d48,251.598
gdrqme69,w2019gjk,v8ldrplj,24.973
ewpoko4d,wdm4pxed,j5wdz46j,255.112
ewpoko4d,wdm4pxed,v8ldrplj,271.438
495zvz49,wdm4pxed,v8ldrplj,117.299
495zvz49,wdm4pxed,xz0o1d48,121.177
495zvz49,wdm4pxed,8gro9rpx,121.482
495zvz49,wdm4pxed,v8ldrplj,122.8
z98pnr7w,wdm4pxed,v8ldrplj,70.35
z98pnr7w,wdm4pxed,x72e5068,70.672
z98pnr7w,wdm4pxed,v8ldrplj,71.249
z98pnr7w,wdm4pxed,x72e5068,73.313
gdrqme69,w2019gjk,8r2lg66x,24.692
z98pnr7w,wdm4pxed,8gro9rpx,73.559
z98pnr7w,wdm4pxed,j42qpg5x,76.943
z98pnr7w,wdm4pxed,v8ldrplj,78.132
xd1yvyyd,wdm4pxed,v8ldrplj,144.419
xd1yvyyd,wdm4pxed,8gro9rpx,145.836
xd1yvyyd,wdm4pxed,j42qpg5x,158.924
kwj6o61d,wdm4pxed,v8ldrplj,191.679
kwj6o61d,wdm4pxed,j5wdz46j,199.872
kwj6o61d,wdm4pxed,v8ldrplj,200.363
y9mgkg09,wdm4pxed,v8ldrplj,128.414
gdrqme69,w2019gjk,8r2lg66x,24.664
y9mgkg09,wdm4pxed,xyown7vj,132.748
y9mgkg09,wdm4pxed,j5wdz46j,136.406
y9mgkg09,wdm4pxed,v8ldrplj,138.447
5d7x6xe9,wdm4pxed,xz0o1d48,133.569
5d7x6xe9,wdm4pxed,xz0o1d48,133.924
5d7x6xe9,wdm4pxed,v8ldrplj,134.245
n93koq7w,wdm4pxed,jn3k3rdx,89.233
n93koq7w,wdm4pxed,v8ldrplj,132.838
rdqo6ogw,wdm4pxed,v8ldrplj,129.02
rdqo6ogw,wdm4pxed,x72e5068,133.653
z988y6g9,w2019gjk,y8dzzloj,47.328
rdqo6ogw,wdm4pxed,xz0o1d48,134.474
rdqo6ogw,wdm4pxed,j5wdz46j,138.157
rdn3nonw,w2019gjk,xk4m2g9j,166.525
rdn3nonw,w2019gjk,j5wdz46j,172.474
rdn3nonw,w2019gjk,j42qpg5x,176.151
rdn3nonw,w2019gjk,v8ldrplj,184.233
5wkegexw,w2019gjk,jngo4ow8,203.986
5wkegexw,w2019gjk,x72e5068,205.517
5wkegexw,w2019gjk,x72e5068,210.153
5wkegexw,w2019gjk,j5wdz46j,211.304
z988y6g9,w2019gjk,v8ldrplj,43.1
69z6m64d,w2019gjk,v8ldrplj,91.888
69z6m64d,w2019gjk,j5wdz46j,94.91
69z6m64d,w2019gjk,v8ldrplj,95.362
69z6m64d,w2019gjk,jn3k3rdx,96.934
69z6m64d,w2019gjk,j5wdz46j,97.089
69z6m64d,w2019gjk,v8ldrplj,98.445
r9gnkn2d,w2019gjk,x72e5068,196.69
r9gnkn2d,w2019gjk,j5wdz46j,197.003
r9gnkn2d,w2019gjk,v8ldrplj,203.856
ewpoko4d,w2019gjk,jmz4lynx,268.683
z988y6g9,w2019gjk,8rpqdd6j,41.097
ewpoko4d,w2019gjk,jn3k3rdx,268.788
ewpoko4d,w2019gjk,j5wdz46j,271.328
ewpoko4d,w2019gjk,v8ldrplj,325.72
495zvz49,w2019gjk,8gro9rpx,134.781
495zvz49,w2019gjk,j42qpg5x,135.344
495zvz49,w2019gjk,j5wdz46j,136.166
495zvz49,w2019gjk,v8ldrplj,138.567
z98pnr7w,w2019gjk,v8ldrplj,77.562
z98pnr7w,w2019gjk,x72e5068,77.668
z98pnr7w,w2019gjk,v8ldrplj,77.703
z988y6g9,w2019gjk,8rpqdd6j,40.371
z98pnr7w,w2019gjk,x72e5068,77.719
z98pnr7w,w2019gjk,v8ldrplj,77.799
z98pnr7w,w2019gjk,x72e5068,77.908
z98pnr7w,w2019gjk,v8ldrplj,77.962
z98pnr7w,w2019gjk,x72e5068,78.193
z98pnr7w,w2019gjk,v8ldrplj,78.628
z98pnr7w,w2019gjk,x72e5068,79.031
z98pnr7w,w2019gjk,v8ldrplj,79.283
z98pnr7w,w2019gjk,x72e5068,81.367
z98pnr7w,w2019gjk,8gro9rpx,81.511
rw6n84rd,w2019gjk,v8ldrplj,26.849
z988y6g9,w2019gjk,j5wdz46j,40.938
z98pnr7w,w2019gjk,v8ldrplj,83.455
z98pnr7w,w2019gjk,j42qpg5x,84.691
z98pnr7w,w2019gjk,v8ldrplj,88.875
xd1yvyyd,w2019gjk,8gro9rpx,157.745
xd1yvyyd,w2019gjk,xz20w50x,161.328
xd1yvyyd,w2019gjk,xz20w50x,162.272
xd1yvyyd,w2019gjk,x72e5068,162.293
xd1yvyyd,w2019gjk,8gro9rpx,163.134
xd1yvyyd,w2019gjk,j5wdz46j,172.157
kwj6o61d,w2019gjk,j5wdz46j,216.674
z988y6g9,w2019gjk,v8ldrplj,40.519
kwj6o61d,w2019gjk,v8ldrplj,217.621
y9mgkg09,w2019gjk,j5wdz46j,142.265
y9mgkg09,w2019gjk,v8ldrplj,146.793
5d7x6xe9,w2019gjk,v8ldrplj,142.456
n93koq7w,w2019gjk,v8ldrplj,95.269
n93koq7w,w2019gjk,jn3k3rdx,98.973
n93koq7w,w2019gjk,jn3k3rdx,107.305
n93koq7w,w2019gjk,v8ldrplj,130.298
rdqo6ogw,w2019gjk,x72e5068,142.962
rdqo6ogw,w2019gjk,j5wdz46j,146.985
z988y6g9,w2019gjk,v8ldrplj,39.765
rdqylzk9,vdoqe16k,x72e5068,168.597
rdqylzk9,vdoqe16k,jngo4ow8,142.328
rdqylzk9,vdoqe16k,j5wdz46j,176.395
495p4k0w,vdoqe16k,x72e5068,202.631
495p4k0w,vdoqe16k,j5wdz46j,205.486
ldyq21jw,vdoqe16k,j5wdz46j,96.053
n93koqnw,vdoqe16k,j5wdz46j,185.33
r9g6xy5w,vdoqe16k,x72e5068,246.55
r9g6xy5w,vdoqe16k,j5wdz46j,251.108
z98pnrgw,vdoqe16k,j5wdz46j,131.274
69z7zplw,vdoqe16k,x72e5068,78.525
z988y6g9,w2019gjk,v8ldrplj,39.53
69z7zplw,vdoqe16k,j5wdz46j,83.392
ywe0l2y9,vdoqe16k,v8ldrplj,145.735
nwl03g0w,vdoqe16k,x72e5068,196.498
nwl03g0w,vdoqe16k,j5wdz46j,199.669
o9x64109,vdoqe16k,j5wdz46j,136.416
gdrr2p6d,vdoqe16k,xz0o1d48,126.158
gdrr2p6d,vdoqe16k,x72e5068,135.674
gdrr2p6d,vdoqe16k,j5wdz46j,141.216
ldyq21kw,vdoqe16k,x72e5068,100.567
ldyq21kw,vdoqe16k,j5wdz46j,114.008
z988y6g9,w2019gjk,j42qpg5x,38.753
rdn3noqw,vdoqe16k,x72e5068,132.59
rdn3noqw,vdoqe16k,j5wdz46j,133.132
rdqylzk9,wdm4pxed,x72e5068,177.562
rdqylzk9,wdm4pxed,jngo4ow8,151.308
rdqylzk9,wdm4pxed,j5wdz46j,183.026
495p4k0w,wdm4pxed,x72e5068,205.636
495p4k0w,wdm4pxed,j5wdz46j,207.265
ldyq21jw,wdm4pxed,j0vn9k9x,86.889
ldyq21jw,wdm4pxed,j5wdz46j,94.239
ldyq21jw,wdm4pxed,j0vn9k9x,94.339
ldyq21jw,wdm4pxed,j5wdz46j,95.635
z988y6g9,w2019gjk,v8ldrplj,38.581
n93koqnw,wdm4pxed,xz0o1d48,190.354
n93koqnw,wdm4pxed,j5wdz46j,193.685
r9g6xy5w,wdm4pxed,x72e5068,254.392
r9g6xy5w,wdm4pxed,xz0o1d48,257.609
r9g6xy5w,wdm4pxed,j5wdz46j,266.478
z98pnrgw,wdm4pxed,xz0o1d48,122.696
z98pnrgw,wdm4pxed,j5wdz46j,131.627
69z7zplw,wdm4pxed,x72e5068,83.154
69z7zplw,wdm4pxed,j5wdz46j,84.869
ywe0l2y9,wdm4pxed,x72e5068,152.652
z988y6g9,w2019gjk,v8ldrplj,38.284
ywe0l2y9,wdm4pxed,v8ldrplj,155.862
ywe0l2y9,wdm4pxed,j0vn9k9x,156.85
ywe0l2y9,wdm4pxed,j5wdz46j,169.507
nwl03g0w,wdm4pxed,x72e5068,200.213
nwl03g0w,wdm4pxed,xz0o1d48,203.817
nwl03g0w,wdm4pxed,j5wdz46j,207.474
o9x64109,wdm4pxed,j5wdz46j,139.407
gdrr2p6d,wdm4pxed,xz0o1d48,135.796
gdrr2p6d,wdm4pxed,xz0o1d48,139.165
gdrr2p6d,wdm4pxed,j5wdz46j,142.913
z988y6g9,w2019gjk,v8ldrplj,38.033
ldyq21kw,wdm4pxed,x72e5068,139.845
ldyq21kw,wdm4pxed,j5wdz46j,140.956
rdn3noqw,wdm4pxed,x72e5068,133.839
rdn3noqw,wdm4pxed,xz0o1d48,134.835
rdn3noqw,wdm4pxed,xz0o1d48,138.476
rdn3noqw,wdm4pxed,j5wdz46j,141.967
rdqylzk9,w2019gjk,x72e5068,183.109
rdqylzk9,w2019gjk,j5wdz46j,183.195
495p4k0w,w2019gjk,x72e5068,212.129
495p4k0w,w2019gjk,j5wdz46j,212.905
z988y6g9,w2019gjk,v8ldrplj,37.837
ldyq21jw,w2019gjk,v8ldrplj,96.364
ldyq21jw,w2019gjk,j5wdz46j,96.424
n93koqnw,w2019gjk,j5wdz46j,199.964
r9g6xy5w,w2019gjk,x72e5068,271.719
r9g6xy5w,w2019gjk,j5wdz46j,277.152
z98pnrgw,w2019gjk,v8ldrplj,130.235
z98pnrgw,w2019gjk,j5wdz46j,141.773
69z7zplw,w2019gjk,x72e5068,89.128
69z7zplw,w2019gjk,j5wdz46j,89.324
ywe0l2y9,w2019gjk,x72e5068,164.066
rdnp60q9,w2019gjk,j42qpg5x,32.179
ywe0l2y9,w2019gjk,v8ldrplj,166.119
ywe0l2y9,w2019gjk,j0vn9k9x,169.91
nwl03g0w,w2019gjk,x72e5068,208.365
nwl03g0w,w2019gjk,j5wdz46j,218.052
o9x64109,w2019gjk,x72e5068,149.805
o9x64109,w2019gjk,j5wdz46j,150.687
gdrr2p6d,w2019gjk,x72e5068,142.531
gdrr2p6d,w2019gjk,j5wdz46j,143.783
ldyq21kw,w2019gjk,x72e5068,141.283
ldyq21kw,w2019gjk,j5wdz46j,147.3
rw6n84rd,w2019gjk,v8ldrplj,26.805
rdnp60q9,w2019gjk,8r2lg66x,29.858
rdn3noqw,w2019gjk,x72e5068,151.327
rdn3noqw,w2019gjk,v8ldrplj,152.666
rdn3noqw,w2019gjk,j5wdz46j,157.258
ldypnykd,wdm4pxed,jngo4ow8,47.785
ldypnykd,vdoqe16k,jngo4ow8,42.816
ldypnykd,vdoqe16k,jngo4ow8,42.548
nwl7ql09,w2019gjk,jngo4ow8,35.746
nwl7ql09,wdm4pxed,jngo4ow8,34.523
nwl7ql09,vdoqe16k,jngo4ow8,32.259
xd434j29,wdm4pxed,j40ev1w8,34.63
rdnp60q9,w2019gjk,8gro9rpx,29.747
rdn3nonw,vdoqe16k,jngo4ow8,140.655
rdn3nonw,wdm4pxed,jngo4ow8,152.338
rdn3nonw,w2019gjk,jngo4ow8,165.156
9vmmq6n9,vdoqe16k,jngo4ow8,223.865
rdqylzk9,w2019gjk,jngo4ow8,174.309
rdqylzk9,w2019gjk,jngo4ow8,162.416
rw6n84rd,w2019gjk,jngo4ow8,25.509
rw6n84rd,wdm4pxed,jngo4ow8,24.161
gdrqme69,vdoqe16k,jngo4ow8,21.929
gdrqme69,vdoqe16k,jngo4ow8,21.674
gdrqme69,w2019gjk,8qpowrwx,24.496
rdnp60q9,w2019gjk,v8ldrplj,28.747
n93kolew,w2019gjk,jngo4ow8,49.595
ldypnykd,wdm4pxed,jmz4lynx,48.366
ldypnykd,wdm4pxed,jmz4lynx,47.581
z988y6g9,w2019gjk,e8ewlod8,49.646
rw6n84rd,w2019gjk,e8ewlod8,31.048
xd434j29,w2019gjk,e8ewlod8,43.052
29vk433d,w2019gjk,e8ewlod8,21.185
29vk433d,vdoqe16k,68w4d44x,14.25
29vk433d,vdoqe16k,68w4d44x,14.856
xd4px00d,vdoqe16k,68w4d44x,26.244
xd0pxk0w,w2019gjk,y8dzzloj,22.294
xd4px00d,vdoqe16k,68w4d44x,26.823
xd4px00d,vdoqe16k,68w4d44x,27.899
xd4px00d,vdoqe16k,68w4d44x,29.715
xd07mgxw,vdoqe16k,68w4d44x,18.394
xd07mgxw,vdoqe16k,68w4d44x,18.436
xd07mgxw,vdoqe16k,68w4d44x,18.803
xd07mgxw,vdoqe16k,68w4d44x,18.903
xd07mgxw,vdoqe16k,68w4d44x,19.11
29vg2m19,w2019gjk,68w4d44x,18.507
xd0pxk0w,w2019gjk,v8ldrplj,16.701
29vg2m19,vdoqe16k,68w4d44x,15.82
29vg2m19,vdoqe16k,68w4d44x,15.91
29vg2m19,vdoqe16k,68w4d44x,16.056
29vg2m19,vdoqe16k,68w4d44x,16.531
rw623qnd,vdoqe16k,68w4d44x,30.621
z988y6g9,vdoqe16k,68w4d44x,36.268
z988y6g9,vdoqe16k,68w4d44x,39.283
xd0pxk0w,vdoqe16k,68w4d44x,13.383
ldypnykd,vdoqe16k,68w4d44x,43.949
xd0pxk0w,w2019gjk,jprqde48,15.743
ldypnykd,vdoqe16k,68w4d44x,44.118
rw623qnd,vdoqe16k,68w4d44x,31.849
n93gv7nd,vdoqe16k,68w4d44x,24.149
xd0pxk0w,w2019gjk,v8ldrplj,14.721
xd0pxk0w,w2019gjk,8rpqdd6j,14.892
xd0pxk0w,w2019gjk,8rpqdd6j,14.677
xd0pxk0w,w2019gjk,v8ldrplj,14.191
rw6n84rd,w2019gjk,v8ldrplj,26.303
xd0pxk0w,w2019gjk,v8ldrplj,14.038
xd0pxk0w,w2019gjk,8gro9rpx,14.009
xd0pxk0w,w2019gjk,8gro9rpx,14.005
xd0pxk0w,w2019gjk,v8ldrplj,14.003
xd0pxk0w,w2019gjk,8gro9rpx,13.982
xd07mgxw,w2019gjk,y8dzzloj,22.94
xd07mgxw,w2019gjk,v8ldrplj,22.917
xd07mgxw,w2019gjk,8gevd9rj,22.778
xd07mgxw,w2019gjk,jn3k3rdx,22.539
xd07mgxw,w2019gjk,jn3k3rdx,22.423
rw6n84rd,w2019gjk,v8ldrplj,26.151
xd07mgxw,w2019gjk,jn3k3rdx,22.324
xd07mgxw,w2019gjk,v8ldrplj,22.257
xd07mgxw,w2019gjk,v8ldrplj,22.224
xd07mgxw,w2019gjk,jn3k3rdx,22.216
xd07mgxw,w2019gjk,v8ldrplj,22.171
xd07mgxw,w2019gjk,v8ldrplj,22.125
ldypnykd,w2019gjk,v8ldrplj,62.148
ldypnykd,w2019gjk,v8ldrplj,56.839
ldypnykd,w2019gjk,j5wdz46j,57.168
ldypnykd,w2019gjk,8rpqdd6j,55.714
rw6n84rd,w2019gjk,xylz5rzj,25.944
ldypnykd,w2019gjk,j5wdz46j,52.3
ldypnykd,w2019gjk,v8ldrplj,52.009
ldypnykd,w2019gjk,v8ldrplj,51.701
ldypnykd,w2019gjk,v8ldrplj,51.611
ldypnykd,w2019gjk,v8ldrplj,51.549
n93kolew,w2019gjk,v8ldrplj,50.389
xd434j29,w2019gjk,y8dzzloj,39.531
xd434j29,w2019gjk,v8ldrplj,38.872
xd434j29,w2019gjk,v8ldrplj,37.322
xd434j29,w2019gjk,j5wdz46j,37.24